PLAYER_ID,PLAYER_NAME,TEAM
1627759,Jaylen Brown,BOS
1628369,Jayson Tatum,BOS
201143,Al Horford,BOS
1628401,Derrick White,BOS
201950,Jrue Holiday,BOS
1628436,Luke Kornet,BOS
1630202,Payton Pritchard,BOS
1630573,Sam Hauser,BOS
1630214,Xavier Tillman,BOS
1641775,Jordan Walsh,BOS
1629674,Neemias Queta,BOS
1631248,Baylor Scheierman,BOS
1630531,Jaden Springer,BOS
1628384,OG Anunoby,NYK
1628404,Josh Hart,NYK
1626157,Karl-Anthony Towns,NYK
1628969,Mikal Bridges,NYK
1628973,Jalen Brunson,NYK
1630579,Jericho Sims,NYK
1630540,Miles McBride,NYK
1626166,Cameron Payne,NYK
1642359,Pacôme Dadiet,NYK
1630574,Ariel Hukporti,NYK
1642278,Tyler Kolek,NYK
1631210,Jacob Toppin,NYK
1629060,Rui Hachimura,LAL
2544,LeBron James,LAL
203076,Anthony Davis,LAL
1630559,Austin Reaves,LAL
1626156,D'Angelo Russell,LAL
1631108,Max Christie,LAL
1629216,Gabe Vincent,LAL
1629637,Jaxson Hayes,LAL
1642261,Dalton Knecht,LAL
1642355,Bronny James,LAL
1641720,Jalen Hood-Schifino,LAL
1641721,Maxwell Lewis,LAL
1629629,Cam Reddish,LAL
1630183,Jaden McDaniels,MIN
203944,Julius Randle,MIN
203497,Rudy Gobert,MIN
1630162,Anthony Edwards,MIN
201144,Mike Conley,MIN
1629675,Naz Reid,MIN
1628978,Donte DiVincenzo,MIN
1629638,Nickeil Alexander-Walker,MIN
204060,Joe Ingles,MIN
1642265,Rob Dillingham,MIN
1628408,PJ Dozier,MIN
1630568,Luka Garza,MIN
1631159,Leonard Miller,MIN
1631169,Josh Minott,MIN
1630545,Terrence Shannon Jr.,MIN
1641739,Toumani Camara,POR
203924,Jerami Grant,POR
1629028,Deandre Ayton,POR
1630166,Deni Avdija,POR
1629014,Anfernee Simons,POR
1630703,Scoot Henderson,POR
1631200,Kris Murray,POR
1641712,Rayan Rupert,POR
1642270,Donovan Clingan,POR
1630625,Dalano Banton,POR
1631133,Jabari Walker,POR
1641871,Duop Reath,POR
1631101,Shaedon Sharpe,POR
1629680,Matisse Thybulle,POR
1629057,Robert Williams III,POR
1630228,Jonathan Kuminga,GSW
203110,Draymond Green,GSW
1631218,Trayce Jackson-Davis,GSW
203952,Andrew Wiggins,GSW
201939,Stephen Curry,GSW
1627741,Buddy Hield,GSW
1627780,Gary Payton II,GSW
1641764,Brandin Podziemski,GSW
1626172,Kevon Looney,GSW
1629001,De'Anthony Melton,GSW
203937,Kyle Anderson,GSW
1630541,Moses Moody,GSW
1630322,Lindy Waters III,GSW
1630611,Gui Santos,GSW
1628415,Dillon Brooks,HOU
1631095,Jabari Smith Jr.,HOU
1630578,Alperen Sengun,HOU
1630224,Jalen Green,HOU
1627832,Fred VanVleet,HOU
1641708,Amen Thompson,HOU
1642263,Reed Sheppard,HOU
1629111,Jock Landale,HOU
1631106,Tari Eason,HOU
1641715,Cam Whitmore,HOU
1642368,N'Faly Dante,HOU
201145,Jeff Green,HOU
1628988,Aaron Holiday,HOU
1630256,Jae'Sean Tate,HOU
1631466,Nate Williams,HOU
1628998,Cody Martin,CHA
1628970,Miles Bridges,CHA
1630208,Nick Richards,CHA
1641706,Brandon Miller,CHA
1630163,LaMelo Ball,CHA
1631217,Moussa Diabaté,CHA
203995,Vasilije Micić,CHA
1630544,Tre Mann,CHA
1629684,Grant Williams,CHA
203552,Seth Curry,CHA
201959,Taj Gibson,CHA
1631197,Jared Rhoden,CHA
1642275,Tidjane Salaün,CHA
1642354,KJ Simpson,CHA
1641733,Nick Smith Jr.,CHA
1629611,Terance Mann,LAC
1627884,Derrick Jones Jr.,LAC
1627826,Ivica Zubac,LAC
1626181,Norman Powell,LAC
201935,James Harden,LAC
1630539,Kai Jones,LAC
201587,Nicolas Batum,LAC
1629645,Kevin Porter Jr.,LAC
1627739,Kris Dunn,LAC
1629599,Amir Coffey,LAC
1641738,Kobe Brown,LAC
1642353,Cam Christie,LAC
1642280,Trentyn Flowers,LAC
1630538,Bones Hyland,LAC
1641757,Jordan Miller,LAC
203078,Bradley Beal,PHX
201142,Kevin Durant,PHX
203994,Jusuf Nurkić,PHX
1626164,Devin Booker,PHX
1626145,Tyus Jones,PHX
203486,Mason Plumlee,PHX
1626220,Royce O'Neale,PHX
1628420,Monté Morris,PHX
1642346,Ryan Dunn,PHX
1642345,Oso Ighodaro,PHX
1628960,Grayson Allen,PHX
1629626,Bol Bol,PHX
1627814,Damion Lee,PHX
202710,Jimmy Butler III,MIA
1631107,Nikola Jović,MIA
1628389,Bam Adebayo,MIA
1629639,Tyler Herro,MIA
1626179,Terry Rozier,MIA
1631170,Jaime Jaquez Jr.,MIA
1628418,Thomas Bryant,MIA
1629312,Haywood Highsmith,MIA
1629130,Duncan Robinson,MIA
1641796,Pelle Larsson,MIA
1642276,Kel'el Ware,MIA
1630696,Dru Smith,MIA
202692,Alec Burks,MIA
201567,Kevin Love,MIA
1626196,Josh Richardson,MIA
1630532,Franz Wagner,ORL
1631094,Paolo Banchero,ORL
1628976,Wendell Carter Jr.,ORL
203484,Kentavious Caldwell-Pope,ORL
1630591,Jalen Suggs,ORL
203914,Gary Harris,ORL
1641710,Anthony Black,ORL
1630175,Cole Anthony,ORL
1629021,Moritz Wagner,ORL
1628371,Jonathan Isaac,ORL
1629048,Goga Bitadze,ORL
202709,Cory Joseph,ORL
1641783,Tristan da Silva,ORL
1641724,Jett Howard,ORL
1631216,Caleb Houstan,ORL
1628374,Lauri Markkanen,UTA
1641707,Taylor Hendricks,UTA
1631117,Walker Kessler,UTA
1629012,Collin Sexton,UTA
1641718,Keyonte George,UTA
1641729,Brice Sensabaugh,UTA
203903,Jordan Clarkson,UTA
1628381,John Collins,UTA
1642262,Cody Williams,UTA
201988,Patty Mills,UTA
1629234,Drew Eubanks,UTA
1642271,Kyle Filipowski,UTA
1629004,Svi Mykhailiuk,UTA
1630695,Micah Potter,UTA
1631131,Oscar Tshiebwe,UTA
203935,Marcus Smart,MEM
1630583,Santi Aldama,MEM
1641744,Zach Edey,MEM
1630217,Desmond Bane,MEM
1629630,Ja Morant,MEM
1630590,Scotty Pippen Jr.,MEM
1642377,Jaylen Wells,MEM
1629634,Brandon Clarke,MEM
1629723,John Konchar,MEM
1631222,Jake LaRavia,MEM
1630643,Jay Huff,MEM
1642530,Yuki Kawamura,MEM
203501,Tim Hardaway Jr.,DET
202699,Tobias Harris,DET
1631105,Jalen Duren,DET
1631093,Jaden Ivey,DET
1630595,Cade Cunningham,DET
1627736,Malik Beasley,DET
1630191,Isaiah Stewart,DET
1631323,Simone Fontecchio,DET
1641842,Ronald Holland II,DET
1631204,Marcus Sasser,DET
1642450,Daniss Jenkins,DET
1631111,Wendell Moore Jr.,DET
1630194,Paul Reed,DET
1631306,Cole Swider,DET
1631214,Alondes Williams,DET
1630174,Aaron Nesmith,IND
1627783,Pascal Siakam,IND
1626167,Myles Turner,IND
1629614,Andrew Nembhard,IND
1630169,Tyrese Haliburton,IND
1630164,James Wiseman,IND
204456,T.J. McConnell,IND
1630167,Obi Toppin,IND
1631097,Bennedict Mathurin,IND
1641716,Jarace Walker,IND
1642402,Enrique Freeman,IND
1641767,Ben Sheppard,IND
1642277,Johnny Furphy,IND
1631245,Quenton Jackson,IND
201949,James Johnson,IND
1629631,De'Andre Hunter,ATL
1630552,Jalen Johnson,ATL
203991,Clint Capela,ATL
1630700,Dyson Daniels,ATL
1629027,Trae Young,ATL
203992,Bogdan Bogdanović,ATL
1630168,Onyeka Okongwu,ATL
1642258,Zaccharie Risacher,ATL
1630249,Vít Krejčí,ATL
1631243,Mouhamed Gueye,ATL
1629726,Garrison Mathews,ATL
1626204,Larry Nance Jr.,ATL
1631223,David Roddy,ATL
1630811,Keaton Wallace,ATL
1627732,Ben Simmons,BKN
1629661,Cameron Johnson,BKN
1627827,Dorian Finney-Smith,BKN
1630560,Cam Thomas,BKN
203471,Dennis Schröder,BKN
1630592,Jalen Wilson,BKN
1641730,Noah Clowney,BKN
1629651,Nic Claxton,BKN
1630533,Ziaire Williams,BKN
1629003,Shake Milton,BKN
1630553,Keon Johnson,BKN
1641798,Jaylen Martin,BKN
1631213,Tyrese Martin,BKN
1641727,Dariq Whitehead,BKN
1642385,Cui Yongxi,BKN
1630567,Scottie Barnes,TOR
1630534,Ochai Agbaji,TOR
1627751,Jakob Poeltl,TOR
1641711,Gradey Dick,TOR
1630193,Immanuel Quickley,TOR
1628449,Chris Boucher,TOR
1630558,Davion Mitchell,TOR
1642347,Jamal Shead,TOR
1628981,Bruno Fernando,TOR
1642367,Jonathan Mogbo,TOR
1642419,Jamison Battle,TOR
202066,Garrett Temple,TOR
1642279,Ulrich Chomche,TOR
1629731,Dean Wade,CLE
1630596,Evan Mobley,CLE
1628386,Jarrett Allen,CLE
1628378,Donovan Mitchell,CLE
1629636,Darius Garland,CLE
1627747,Caris LeVert,CLE
1630241,Sam Merrill,CLE
1627777,Georges Niang,CLE
1630171,Isaac Okoro,CLE
1629660,Ty Jerome,CLE
1641854,Craig Porter Jr.,CLE
202684,Tristan Thompson,CLE
1642281,Jaylon Tyson,CLE
1630529,Herbert Jones,NOP
1627742,Brandon Ingram,NOP
1628464,Daniel Theis,NOP
203468,CJ McCollum,NOP
1627749,Dejounte Murray,NOP
1642274,Yves Missi,NOP
1641722,Jordan Hawkins,NOP
1629750,Javonte Green,NOP
1630631,Jose Alvarado,NOP
1630526,Jeremiah Robinson-Earl,NOP
1641810,Antonio Reeves,NOP
1631255,Karlo Matković,NOP
1641998,Trey Jemison III,NOP
203897,Zach LaVine,CHI
1630172,Patrick Williams,CHI
202696,Nikola Vučević,CHI
1629632,Coby White,CHI
1630581,Josh Giddey,CHI
1628366,Lonzo Ball,CHI
1630245,Ayo Dosunmu,CHI
1641763,Julian Phillips,CHI
1630188,Jalen Smith,CHI
1629659,Talen Horton-Tucker,CHI
1641824,Matas Buzelis,CHI
1631207,Dalen Terry,CHI
1630537,Chris Duarte,CHI
1628975,Jevon Carter,CHI
1628470,Torrey Craig,CHI
1626162,Kelly Oubre Jr.,PHI
1630231,KJ Martin,PHI
203083,Andre Drummond,PHI
201569,Eric Gordon,PHI
1630178,Tyrese Maxey,PHI
1628997,Caleb Martin,PHI
1627824,Guerschon Yabusele,PHI
200768,Kyle Lowry,PHI
1641741,Ricky Council IV,PHI
1642272,Jared McCain,PHI
1630288,Jeff Dowtin Jr.,PHI
1631311,Lester Quinones,PHI
1641737,Adem Bona,PHI
1642348,Justin Edwards,PHI
202704,Reggie Jackson,PHI
1627752,Taurean Prince,MIL
203507,Giannis Antetokounmpo,MIL
201572,Brook Lopez,MIL
1629018,Gary Trent Jr.,MIL
203081,Damian Lillard,MIL
1626171,Bobby Portis,MIL
1626192,Pat Connaughton,MIL
1626153,Delon Wright,MIL
1631260,AJ Green,MIL
1641890,Tyler Smith,MIL
1641748,Andre Jackson Jr.,MIL
1631157,Ryan Rollins,MIL
1642358,AJ Johnson,MIL
1630699,MarJon Beauchamp,MIL
1641753,Chris Livingston,MIL
1629008,Michael Porter Jr.,DEN
203932,Aaron Gordon,DEN
203999,Nikola Jokić,DEN
1631128,Christian Braun,DEN
1627750,Jamal Murray,DEN
1631124,Julian Strawther,DEN
201566,Russell Westbrook,DEN
1631212,Peyton Watson,DEN
203967,Dario Šarić,DEN
1628427,Vlatko Čančar,DEN
1630192,Zeke Nnaji,DEN
1641816,Hunter Tyson,DEN
1629618,Jalen Pickett,DEN
1641725,Trey Alexander,DEN
201599,DeAndre Jordan,DEN
1631114,Jalen Williams,OKC
1629652,Luguentz Dort,OKC
1631096,Chet Holmgren,OKC
1630198,Isaiah Joe,OKC
1628983,Shai Gilgeous-Alexander,OKC
1641717,Cason Wallace,OKC
1631172,Ousmane Dieng,OKC
1627936,Alex Caruso,OKC
1630598,Aaron Wiggins,OKC
1642349,Ajay Mitchell,OKC
1641794,Dillon Jones,OKC
1641745,Adam Flagler,OKC
1642505,Alex Ducas,OKC
1642024,Alex Reese,OKC
1641731,Bilal Coulibaly,WAS
1628398,Kyle Kuzma,WAS
1642259,Alex Sarr,WAS
1629673,Jordan Poole,WAS
1642267,Bub Carrington,WAS
202685,Jonas Valančiūnas,WAS
1630557,Corey Kispert,WAS
1642273,Kyshawn George,WAS
1630215,Jared Butler,WAS
1628963,Marvin Bagley III,WAS
1631098,Johnny Davis,WAS
1631116,Patrick Baldwin Jr.,WAS
1630551,Justin Champagnie,WAS
1630264,Anthony Gill,WAS
1626158,Richaun Holmes,WAS
1631120,JD Davison,BOS
1641809,Drew Peterson,BOS
202691,Klay Thompson,DAL
1629023,P.J. Washington,DAL
1629655,Daniel Gafford,DAL
202681,Kyrie Irving,DAL
1629029,Luka Dončić,DAL
1629656,Quentin Grimes,DAL
1641726,Dereck Lively II,DAL
1628467,Maxi Kleber,DAL
1630230,Naji Marshall,DAL
1630702,Jaden Hardy,DAL
203915,Spencer Dinwiddie,DAL
203939,Dwight Powell,DAL
1641765,Olivier-Maxence Prosper,DAL
1641789,Jazian Gortman,DAL
202693,Markieff Morris,DAL
203084,Harrison Barnes,SAS
1631110,Jeremy Sochan,SAS
1641705,Victor Wembanyama,SAS
1630577,Julian Champagnie,SAS
101108,Chris Paul,SAS
1628380,Zach Collins,SAS
1629640,Keldon Johnson,SAS
1630200,Tre Jones,SAS
1642264,Stephon Castle,SAS
1631104,Blake Wesley,SAS
1630572,Sandro Mamukelashvili,SAS
1629646,Charles Bassey,SAS
1631103,Malaki Branham,SAS
1631321,Sidy Cissoko,SAS
1631127,Harrison Ingram,SAS
201942,DeMar DeRozan,SAC
1631099,Keegan Murray,SAC
1627734,Domantas Sabonis,SAC
1628989,Kevin Huerter,SAC
1628368,De'Aaron Fox,SAC
1628370,Malik Monk,SAC
1631165,Keon Ellis,SAC
1626168,Trey Lyles,SAC
203458,Alex Len,SAC
203926,Doug McDermott,SAC
1641732,Colby Jones,SAC
1642403,Isaac Jones,SAC
1629162,Jordan McLaughlin,SAC
1630182,Josh Green,CHA
1631386,Taze Moore,POR
1629627,Zion Williamson,NOP
1630554,Jason Preston,UTA
1630644,Mac McClung,ORL
1630543,Isaiah Jackson,IND
1630618,D.J. Carton,TOR
1642439,Quincy Olivari,LAL
1642422,Armel Traore,LAL
1631221,Collin Gillespie,PHX
1641766,Adama Sanogo,CHI
1630561,David Duke Jr.,SAS
1642434,Riley Minix,SAS
1628991,Jaren Jackson Jr.,MEM
1630243,Trevelin Queen,ORL
1642352,Keshad Johnson,MIA
1641857,Liam Robbins,MIL
203500,Steven Adams,HOU
1630314,Brandon Williams,DAL
1630556,Kessler Edwards,DAL
1629628,RJ Barrett,TOR
1630311,Pat Spencer,GSW
1641736,Reece Beekman,GSW
1631288,Jamal Cain,NOP
1630527,Brandon Boston,NOP
1630227,Daishen Nix,MIN
1630548,Johnny Juzang,UTA
1641723,Kobe Bufkin,ATL
1626174,Christian Wood,LAL
1630570,Trendon Watford,BKN
1630658,Colin Castleton,MEM
1642502,Malevy Leons,OKC
1631247,Luke Travers,CLE
1642266,Ja'Kobe Walter,TOR
1629006,Josh Okogie,PHX
1630550,JT Thor,CLE
1642461,Spencer Jones,DEN
1629669,Jaylen Nowell,NOP
1631230,Dominick Barlow,ATL
1629020,Jarred Vanderbilt,LAL
1630222,Mason Jones,SAC
1630649,Stanley Umude,MIL
202331,Paul George,PHI
1629098,Jack McVeigh,HOU
1628379,Luke Kennard,MEM
1631132,Christian Koloko,LAL
203954,Joel Embiid,PHI
1630346,Matt Ryan,NYK
1642268,Isaiah Collier,UTA
1630170,Devin Vassell,SAS
1630530,Trey Murphy III,NOP
1629026,Kenrich Williams,OKC
1631121,Bryce McGowens,POR
1631303,Justin Minaya,POR
1631102,TyTy Washington Jr.,PHX
1641779,Jalen Bridges,PHX
1630604,E.J. Liddell,CHI
1641790,PJ Hall,DEN
1631246,Vince Williams Jr.,MEM
204001,Kristaps Porziņģis,BOS
1631115,Orlando Robinson,SAC
1642382,Branden Carlson,OKC
1628964,Mo Bamba,LAC
1627763,Malcolm Brogdon,WAS
1642366,Quinten Post,GSW
1641803,Tristen Newton,IND
203901,Elfrid Payton,NOP
1629650,Moses Brown,IND
1628392,Isaiah Hartenstein,OKC
1642285,Cam Spencer,MEM
1641709,Ausar Thompson,DET
1641740,Jaylen Clark,MIN
203109,Jae Crowder,SAC
1629610,DaQuan Jeffries,CHA
1642384,Isaiah Crawford,SAC
1630549,Day'Ron Sharpe,BKN
1631109,Mark Williams,CHA
1631209,Isaiah Wong,CHA
1631250,Pete Nance,PHI
1630173,Precious Achiuwa,NYK
203114,Khris Middleton,MIL
203482,Kelly Olynyk,TOR
1642486,Boo Buie III,NYK
1630639,A.J. Lawson,TOR
1629622,Max Strus,CLE
1630528,Josh Christopher,MIA
1629013,Landry Shamet,NYK
1631119,Jaylin Williams,OKC
1641774,Tristan Vukcevic,WAS
1641752,Bobi Klintman,DET
1642399,Jesse Edwards,MIN
1641815,Isaiah Stevens,MIA
1628971,Bruce Brown,TOR
1642269,Devin Carter,SAC
202695,Kawhi Leonard,LAC
1641787,Tosan Evbuomwan,BKN
1641734,Emoni Bates,CLE
1642484,RayJ Dennis,IND
1641989,Elijah Harkless,UTA
1630647,Eugene Omoruyi,TOR
1631342,Daeqwon Plowden,ATL
1631199,Ron Harper Jr.,DET
1641801,Emanuel Miller,CHI
1641713,GG Jackson,MEM
203957,Danté Exum,DAL
1630283,Kylor Kelley,DAL
1642050,Jackson Rowe,GSW
1629643,Chuma Okeke,PHI
1631232,Keion Brooks Jr.,NOP
1630692,Jordan Goodwin,LAL
1642389,Zyon Pullin,MEM
202687,Bismack Biyombo,SAS
1626143,Jahlil Okafor,IND
1641878,Damion Baugh,CHA
1628365,Markelle Fultz,SAC
1630165,Killian Hayes,BKN
1641772,Nae'Qwan Tomlin,CLE
1641907,Erik Stevenson,WAS
1630205,Lamar Stevens,MEM
1628995,Kevin Knox II,GSW
1629022,Lonnie Walker IV,PHI
1641879,Yuri Collins,GSW
1629667,Jalen McDaniels,WAS
1641817,Anton Watson,BOS
1629011,Mitchell Robinson,NYK
1642443,Jahmir Young,CHI
1630201,Malachi Flynn,CHA
1628396,Tony Bradley,IND
1630284,Kevon Harris,ATL
1627746,Skal Labissiere,SAC
1642449,Tolu Smith,DET
1631123,Jamaree Bouyea,MIL
1641936,Miles Norris,BOS
1630623,Tyson Etienne,BKN
1630679,Ethan Thompson,ORL
1642379,Taran Armstrong,GSW
1630296,Braxton Key,GSW
200782,P.J. Tucker,NYK
1630585,Marcus Garrett,CHA
1629052,Oshae Brissett,PHI
1630678,Terry Taylor,SAC
1630542,Marcus Bagley,PHI
1641755,Kevin McCullar Jr.,NYK
1630762,Phillip Wheeler,PHI
1631166,Drew Timme,BKN
1631301,Jaylen Sims,CHA
1629056,Terence Davis,SAC
1630600,Isaiah Mobley,PHI
